{"properties": [
  {
    "name": "spring.datasource.jpa.hibernate.ddl.auto",
    "type": "java.lang.String",
    "description": "A description for 'spring.datasource.jpa.hibernate.ddl.auto'"
  },
  {
    "name": "spring.datasource.jpa.hibernate.ddl-auto",
    "type": "java.lang.String",
    "description": "A description for 'spring.datasource.jpa.hibernate.ddl-auto'"
  },
  {
    "name": "spring.datasource.jpa.show-sql",
    "type": "java.lang.String",
    "description": "A description for 'spring.datasource.jpa.show-sql'"
  }
]}